QUERY: select r.recommendation_date,r.id,s.stock_code,s.market,r.rank_no,r.recommendation_score,r.volume_ratio,r.daily_trading_value,r.five_minute_change_rate,r.feature_snapshot::jsonb->>'tradeStrength' trade_strength,r.feature_snapshot::jsonb->>'vwapDistanceRate' vwap_distance,r.feature_snapshot::jsonb->>'dayHighDistanceRate' high_distance,r.feature_snapshot::jsonb->>'turnoverRatio' turnover,p.close_return_rate,p.max_return_rate,p.max_drawdown_rate from closing_recommendation r join stock s on s.id=r.stock_id join overnight_performance p on p.closing_recommendation_id=r.id where p.status='COMPLETED' order by r.id
recommendation_date	id	stock_code	market	rank_no	recommendation_score	volume_ratio	daily_trading_value	five_minute_change_rate	trade_strength	vwap_distance	high_distance	turnover	close_return_rate	max_return_rate	max_drawdown_rate
2026-09-04	1	058470	KOSDAQ	1	56.002	2.001693	24378440900.0000	0.149925	143.14	0.930623	0.149477	2.009816	2.544910	3.443114	1.347305
2026-09-04	2	035720	KOSPI	2	52.721	2.576869	36857443625.0000	0.000000	126.92	0.319383	0.413223	2.582086	1.244813	1.521438	-0.829876
2026-09-04	3	010140	KOSPI	3	52.377	2.015789	65865664125.0000	0.234192	92.85	1.594343	0.465116	2.013566	0.000000	0.233645	-1.869159
2026-09-09	37	006400	KOSPI	1	81.126	1.014208	333153090500.0000	0.525394	183.68	3.521658	0.000000	1.017473	-2.264808	0.000000	-3.484321
2026-09-09	38	247540	KOSDAQ	2	80.231	1.009031	45718639200.0000	0.524017	180.64	3.751439	0.000000	1.011542	-2.693310	-0.347524	-4.344049
2026-09-09	39	051910	KOSPI	3	76.922	0.496259	73928133500.0000	0.526316	156.39	3.351100	0.000000	0.498657	-1.919721	4.013962	-3.490401
2026-09-09	40	373220	KOSPI	4	73.763	0.654360	120882347500.0000	0.544218	157.18	2.678229	0.000000	0.655703	-2.976996	1.217862	-3.112314
2026-09-09	41	003670	KOSPI	5	73.526	2.000210	49873531200.0000	0.052165	155.93	2.729759	0.311850	2.011063	-1.564129	2.867570	-2.554745
2026-09-09	42	178320	KOSDAQ	6	71.280	2.000146	19630565125.0000	0.137552	116.68	0.932088	0.137174	2.005863	0.549451	1.098901	-2.472527
2026-09-09	43	000100	KOSPI	7	65.039	2.555569	10508850400.0000	0.501253	201.20	0.878368	0.000000	2.550986	-0.997506	-0.872818	-2.618454
2026-09-09	44	086520	KOSDAQ	8	60.701	0.424110	64875886300.0000	0.523256	201.75	2.757963	0.746269	0.422669	-2.486987	-0.751880	-3.643725
2026-09-09	45	000270	KOSPI	9	57.911	2.004132	77369924950.0000	0.078616	124.17	0.751047	0.078493	2.009567	-0.706991	0.078555	-1.492537
2026-09-09	46	196170	KOSDAQ	10	56.257	2.500354	144109652750.0000	0.179211	90.44	1.267258	0.356506	2.508900	-1.610018	-0.894454	-3.577818
2026-09-08	57	058470	KOSDAQ	1	27.696	2.506104	46629840250.0000	0.283286	150.10	-0.058238	1.666667	2.511522	-0.847458	1.271186	-2.118644
2026-09-11	78	009540	KOSPI	1	78.120	101.207551	69878418000.0000	0.136799	221.48	1.130478	1.214575	0.485321	-1.366120	-1.229508	-2.185792
2026-09-11	79	000660	KOSPI	2	78.049	11.347150	3949881476500.0000	0.942350	100.36	2.007275	0.054885	1.585872	-5.546403	-5.271829	-6.919275
2026-09-11	80	047040	KOSPI	3	74.245	168.272348	132532654580.0000	0.553598	91.20	1.638228	0.843672	0.419927	-5.355355	-3.203203	-6.006006
2026-09-11	81	005380	KOSPI	4	68.627	3.031610	142100126000.0000	0.524934	113.27	0.819742	0.000000	2.002799	-3.655352	-3.263708	-4.438642
2026-09-11	82	105560	KOSPI	5	65.888	3.107505	137137944450.0000	0.394144	98.18	1.015732	0.279642	1.268920	-0.504767	0.953449	-1.346046
2026-09-11	83	267260	KOSPI	6	64.550	0.017391	41034712500.0000	0.668449	191.35	2.240629	0.132626	3.564449	-1.992032	-1.992032	-3.851262
2026-09-11	84	373220	KOSPI	7	64.221	206.454543	85286623500.0000	0.417246	114.40	1.046330	0.824176	0.714138	-1.800554	-1.662050	-2.908587
2026-09-11	85	329180	KOSPI	8	62.045	371.520015	297539849250.0000	0.208768	148.77	1.009610	2.240326	0.578579	-0.729167	0.000000	-1.666667
2026-09-11	86	012330	KOSPI	9	61.781	140.526323	66054968250.0000	0.000000	120.47	0.286796	0.598086	0.776560	-3.971119	-3.730445	-4.933815
2026-09-11	87	015760	KOSPI	10	59.425	60.687679	49502430275.0000	0.150376	160.03	0.041676	1.479290	0.494596	-4.054054	-2.852853	-4.504505
2026-09-15	98	052690	KOSPI	1	85.965	1.846634	148764791400.0000	2.512212	113.11	5.154933	0.068027	1.533536	-4.424779	0.476515	-4.833220
2026-09-15	99	047040	KOSPI	2	82.793	2.840436	79613920480.0000	0.156169	120.05	1.907166	0.465598	2.007853	-1.403326	0.519751	-1.611227
2026-09-15	100	086520	KOSDAQ	3	78.188	4.868273	41779394400.0000	0.235849	122.11	2.196994	0.234742	2.535093	-1.529412	-0.235294	-2.470588
2026-09-15	101	028300	KOSDAQ	4	76.158	2.015563	18773507175.0000	0.000000	135.60	2.291007	0.307692	0.616234	-1.851852	0.771605	-2.160494
2026-09-15	102	005490	KOSPI	5	74.400	3.984683	60484173750.0000	0.149701	143.55	1.023864	0.298063	2.117510	-1.420030	-0.448430	-2.092676
2026-09-15	103	247540	KOSDAQ	6	70.928	4.091337	19660152350.0000	0.186741	111.35	1.205602	0.556070	2.108325	-0.745573	-0.279590	-2.609506
2026-09-15	104	178320	KOSDAQ	7	66.382	4.038014	12675220075.0000	0.564972	96.48	1.152519	1.385042	1.288282	1.544944	1.544944	-1.264045
2026-09-15	105	051910	KOSPI	8	65.147	2.554023	35137644500.0000	-0.181818	176.90	1.072613	0.362976	0.918456	0.000000	0.546448	-2.550091
2026-09-15	106	006400	KOSPI	9	64.144	2.468637	185979653500.0000	0.362319	143.07	1.096103	0.894454	1.898492	-1.444043	-0.902527	-3.790614
2026-09-16	112	039030	KOSDAQ	1	90.232	2.020469	31838942250.0000	0.536481	172.29	2.968950	0.000000	1.600756	0.213447	1.387407	-2.988260
2026-09-16	113	042700	KOSPI	2	88.649	3.282303	91554146500.0000	0.000000	138.64	2.448963	0.441501	2.345620	0.443459	1.108647	-1.330377
2026-09-16	114	000660	KOSPI	3	87.052	3.630612	4042999486500.0000	0.458979	133.08	1.477761	0.057078	2.562134	0.742433	1.827527	-0.913764
2026-09-16	115	058470	KOSDAQ	4	83.927	2.188219	21338613600.0000	0.533537	104.53	2.302081	0.075758	1.346433	1.895375	2.350265	-0.379075
2026-09-16	116	009150	KOSPI	5	70.709	0.681934	487623561000.0000	0.510576	172.32	2.116566	0.000000	0.683487	-1.959361	2.249637	-2.685051
QUERY: select market_session_date,count(*) n,count(*) filter(where (feature_snapshot::jsonb->>'occurredAt')::timestamptz>detected_at) feature_after_detection,max(extract(epoch from (feature_snapshot::jsonb->>'occurredAt')::timestamptz-detected_at)) max_seconds from scanner_detection group by 1 order by 1
market_session_date	n	feature_after_detection	max_seconds
2026-08-25	5	0	NULL
2026-08-26	34	0	NULL
2026-08-27	88	0	NULL
2026-08-28	189	0	NULL
2026-09-03	130	36	0.355460
2026-09-04	332	285	1.015181
2026-09-07	1182	143	0.343529
2026-09-08	978	617	0.987292
2026-09-09	1508	222	0.335626
2026-09-10	2834	16	0.118802
2026-09-11	1320	0	-0.620528
2026-09-14	1452	438	0.631229
2026-09-15	1568	982	1.138293
2026-09-16	1249	1172	3.113989
2026-09-17	1187	20	0.130120
2026-09-18	1176	346	0.505671
2026-09-21	493	50	0.228314
2026-09-22	606	136	0.659579
2026-09-23	1450	770	1.062130
2026-09-28	416	271	0.959104
QUERY: select r.id,r.recommendation_date,d.detected_at,d.received_at,(r.feature_snapshot::jsonb->>'occurredAt')::timestamptz feature_at,a.evaluated_as_of,a.completed_at from closing_recommendation r join scanner_detection d on d.id=r.source_detection_id join closing_recommendation_run a on a.id=r.run_id where r.id=117
id	recommendation_date	detected_at	received_at	feature_at	evaluated_as_of	completed_at
117	2026-09-23	2026-09-23 05:52:24.200536+00	2026-09-23 05:52:24.200536+00	2026-09-23 05:52:17+00	2026-09-23 06:00:00+00	2026-09-23 06:00:27.077965+00
QUERY: select r.id,c.start_time,c.open,c.close,c.source,c.created_at,c.updated_at from closing_recommendation r join stock_candle c on c.stock_id=r.stock_id and c.timeframe='5M' and (c.start_time at time zone 'Asia/Seoul')::date=r.recommendation_date and (c.start_time at time zone 'Asia/Seoul')::time in (time '14:50',time '14:55',time '15:05',time '15:30') where r.id=117 order by c.start_time
id	start_time	open	close	source	created_at	updated_at
117	2026-09-23 05:50:00+00	243000.0000	243000.0000	REALTIME	2026-09-23 05:55:03.206762+00	2026-09-23 05:55:22.276665+00
117	2026-09-23 05:55:00+00	242000.0000	242000.0000	REALTIME	2026-09-23 06:00:03.23503+00	2026-09-23 06:00:33.749523+00
117	2026-09-23 06:05:00+00	242500.0000	243000.0000	REALTIME	2026-09-23 06:10:00.697539+00	2026-09-23 06:10:00.697539+00
QUERY: select a.id,e->>'stockCode' code,e->>'decisionReason' reason,e->'dataReadiness' readiness from closing_recommendation_run a cross join lateral jsonb_array_elements(coalesce(a.response_snapshot::jsonb->'evaluations','[]')) e where a.id in (27,30) and e->>'stockCode'='042700'
id	code	reason	readiness
27	042700	QUALIFIED	{"liquidity": "PASS", "dailyTrend": "PASS", "detectedAt": "2026-09-23T05:52:24.200536Z", "receivedAt": "2026-09-23T05:52:24.200536Z", "dailyCandles": 61, "finalCandles": 4, "marketRegime": "UNVERIFIED", "dailyAsOfDate": "2026-09-22", "evaluatedAsOf": "2026-09-23T06:00:00Z", "orderEligible": false, "overextension": "PASS", "featureVersion": "market-feature-v1", "sectorExposure": "UNVERIFIED", "signalRetained": "PASS", "accountExposure": "UNVERIFIED", "receiptVerified": true, "latestFiveMinute": "PASS", "candleAvailableBy": "2026-09-23T06:00:10Z", "dailyTradingValue": "68960188250.0000", "intradayMaCandles": 61, "lastFinalCandleAt": "2026-09-23T05:55:00Z", "lateCandleRevision": false, "latestFiveMinuteClose": "242000.0000", "latestFiveMinuteTradingValue": "24248500.0000"}
30	042700	RECEIVED_AFTER_EVALUATION	{"liquidity": "FAIL", "dailyTrend": "PASS", "detectedAt": "2026-09-23T05:52:24.200536Z", "receivedAt": "2026-09-23T05:52:24.200536Z", "dailyCandles": 61, "finalCandles": 4, "marketRegime": "UNVERIFIED", "dailyAsOfDate": "2026-09-22", "evaluatedAsOf": "2026-09-23T06:00:00Z", "orderEligible": false, "overextension": "PASS", "featureVersion": "market-feature-v1", "sectorExposure": "UNVERIFIED", "signalRetained": "PASS", "accountExposure": "UNVERIFIED", "receiptVerified": true, "latestFiveMinute": "PASS", "candleAvailableBy": "2026-09-23T06:00:10Z", "dailyTradingValue": "68960188250.0000", "intradayMaCandles": 61, "lastFinalCandleAt": "2026-09-23T05:50:00Z", "lateCandleRevision": true, "latestFiveMinuteClose": "243000.0000", "latestFiveMinuteTradingValue": "6075000.0000"}
